Datetime,Water Level (m)
2026-02-10 18:00:00,-0.19134042
2026-02-10 19:00:00,-0.24663763
2026-02-10 20:00:00,-0.30695978
2026-02-10 21:00:00,-0.34121597
2026-02-10 22:00:00,-0.3413137
2026-02-10 23:00:00,-0.31514716
2026-02-11 00:00:00,-0.2841534
2026-02-11 01:00:00,-0.27047133
2026-02-11 02:00:00,-0.2983161
2026-02-11 03:00:00,-0.35671335
2026-02-11 04:00:00,-0.43040347
2026-02-11 05:00:00,-0.50921524
2026-02-11 06:00:00,-0.58484334
2026-02-11 07:00:00,-0.6486887
2026-02-11 08:00:00,-0.69552994
2026-02-11 09:00:00,-0.716855
2026-02-11 10:00:00,-0.6800678
2026-02-11 11:00:00,-0.59587586
2026-02-11 12:00:00,-0.4903076
2026-02-11 13:00:00,-0.37369436
2026-02-11 14:00:00,-0.2758657
2026-02-11 15:00:00,-0.20119725
2026-02-11 16:00:00,-0.15470715
2026-02-11 17:00:00,-0.14428094
2026-02-11 18:00:00,-0.16577326
2026-02-11 19:00:00,-0.19672021
2026-02-11 20:00:00,-0.23302963
2026-02-11 21:00:00,-0.2795302
2026-02-11 22:00:00,-0.3310684
2026-02-11 23:00:00,-0.3768537
2026-02-12 00:00:00,-0.4043748
2026-02-12 01:00:00,-0.41261667
2026-02-12 02:00:00,-0.41301095
2026-02-12 03:00:00,-0.42650652
2026-02-12 04:00:00,-0.45884088
2026-02-12 05:00:00,-0.5055495
2026-02-12 06:00:00,-0.554962
2026-02-12 07:00:00,-0.60486287
2026-02-12 08:00:00,-0.6512563
2026-02-12 09:00:00,-0.6906768
2026-02-12 10:00:00,-0.7260685
2026-02-12 11:00:00,-0.73410594
2026-02-12 12:00:00,-0.6810421
2026-02-12 13:00:00,-0.57740724
2026-02-12 14:00:00,-0.45176777
2026-02-12 15:00:00,-0.31215027
2026-02-12 16:00:00,-0.18844154
2026-02-12 17:00:00,-0.10681801
2026-02-12 18:00:00,-0.07044753
2026-02-12 19:00:00,-0.083951704
2026-02-12 20:00:00,-0.13157868
2026-02-12 21:00:00,-0.18618482
2026-02-12 22:00:00,-0.25199726
2026-02-12 23:00:00,-0.33512017
2026-02-13 00:00:00,-0.41928765
2026-02-13 01:00:00,-0.4888789
2026-02-13 02:00:00,-0.50933653
2026-02-13 03:00:00,-0.47370753
2026-02-13 04:00:00,-0.42983797
2026-02-13 05:00:00,-0.40407562
2026-02-13 06:00:00,-0.3960899
2026-02-13 07:00:00,-0.4258411
2026-02-13 08:00:00,-0.4783734
2026-02-13 09:00:00,-0.5339748
2026-02-13 10:00:00,-0.5996592
2026-02-13 11:00:00,-0.66044545
2026-02-13 12:00:00,-0.7087324
2026-02-13 13:00:00,-0.7019708
2026-02-13 14:00:00,-0.6053584
2026-02-13 15:00:00,-0.46963432
2026-02-13 16:00:00,-0.3107759
2026-02-13 17:00:00,-0.14725314
2026-02-13 18:00:00,-0.04323722
2026-02-13 19:00:00,0.010573216
2026-02-13 20:00:00,-0.01820677
2026-02-13 21:00:00,-0.083799236
2026-02-13 22:00:00,-0.15671152
2026-02-13 23:00:00,-0.24093318
2026-02-14 00:00:00,-0.3425267
2026-02-14 01:00:00,-0.44106033
2026-02-14 02:00:00,-0.51725733
2026-02-14 03:00:00,-0.51136416
2026-02-14 04:00:00,-0.43562356
2026-02-14 05:00:00,-0.3585817
2026-02-14 06:00:00,-0.29705846
2026-02-14 07:00:00,-0.27020144
2026-02-14 08:00:00,-0.31161484
2026-02-14 09:00:00,-0.36971813
2026-02-14 10:00:00,-0.438398
2026-02-14 11:00:00,-0.52483225
2026-02-14 12:00:00,-0.60301983
2026-02-14 13:00:00,-0.67471725
2026-02-14 14:00:00,-0.6798512
2026-02-14 15:00:00,-0.5731985
2026-02-14 16:00:00,-0.4166376
2026-02-14 17:00:00,-0.23466119
2026-02-14 18:00:00,-0.044342652
2026-02-14 19:00:00,0.06625552
2026-02-14 20:00:00,0.09643249
2026-02-14 21:00:00,0.040837806
2026-02-14 22:00:00,-0.031973597
2026-02-14 23:00:00,-0.115718074
2026-02-15 00:00:00,-0.2124327
2026-02-15 01:00:00,-0.32682934
2026-02-15 02:00:00,-0.44082913
2026-02-15 03:00:00,-0.5150787
2026-02-15 04:00:00,-0.4728571
2026-02-15 05:00:00,-0.36489505
2026-02-15 06:00:00,-0.26664117
2026-02-15 07:00:00,-0.17200355
2026-02-15 08:00:00,-0.15877053
2026-02-15 09:00:00,-0.21494207
2026-02-15 10:00:00,-0.2766678
2026-02-15 11:00:00,-0.3575469
2026-02-15 12:00:00,-0.45447785
2026-02-15 13:00:00,-0.54667246
2026-02-15 14:00:00,-0.63540155
2026-02-15 15:00:00,-0.63320166
2026-02-15 16:00:00,-0.5020851
2026-02-15 17:00:00,-0.32046103
2026-02-15 18:00:00,-0.11694979
2026-02-15 19:00:00,0.07931962
2026-02-15 20:00:00,0.15913296
2026-02-15 21:00:00,0.15154827
2026-02-15 22:00:00,0.06758087
2026-02-15 23:00:00,-0.008654913
2026-02-16 00:00:00,-0.10814243
2026-02-16 01:00:00,-0.21837457
2026-02-16 02:00:00,-0.34576213
2026-02-16 03:00:00,-0.46775612
2026-02-16 04:00:00,-0.50296193
2026-02-16 05:00:00,-0.3981179
2026-02-16 06:00:00,-0.2524355
2026-02-16 07:00:00,-0.12985687
2026-02-16 08:00:00,-0.04388159
2026-02-16 09:00:00,-0.07042716
2026-02-16 10:00:00,-0.13847274
2026-02-16 11:00:00,-0.20598465
2026-02-16 12:00:00,-0.30540916
2026-02-16 13:00:00,-0.40784368
2026-02-16 14:00:00,-0.5194453
2026-02-16 15:00:00,-0.6122293
2026-02-16 16:00:00,-0.5650387
2026-02-16 17:00:00,-0.39805275
2026-02-16 18:00:00,-0.19455175
